{"mean": [6.5, 9.875194285714286, 1.4196328571428571, 1.7469164285714287, 1015.1541328571428, 44.960774285714294, 8.513285714285715, 0.6283571428571428, 64.49322732035715, 17.4555650585], "scale": [4.031128874149275, 4.489645723149647, 1.453079943550588, 1.3221402449443593, 4.9403841397267145, 16.506069963602446, 2.8264001442665907, 0.7497305332244243, 3.7160997423663473, 7.226621609207701]}