{"mean": [6.266666666666667, 10.585180276796448, 3.1399767582189373, 0.7512860479659833, 1016.8527570194739, 0.4631168681640099, 11.388388583070194, 1.5055833684464865, 64.51017638147633, 17.521557497185125], "scale": [3.991101212558871, 3.9102943978330837, 1.532909145900453, 0.5032162478645449, 4.535030238470596, 0.15576962474010472, 6.636491421256956, 0.8705018528920974, 3.754218189578815, 7.202285087277119]}